{
    "prepare_queue": {
        "installed": [],
        "uninstalled": []
    },
    "config_munge": {
        "files": {
            "res/xml/config.xml": {
                "parents": {
                    "/*": [
                        {
                            "xml": "<feature name=\"GooglePlus\"><param name=\"android-package\" value=\"nl.xservices.plugins.GooglePlus\" /><param name=\"onload\" value=\"true\" /></feature>",
                            "count": 1
                        },
                        {
                            "xml": "<access origin=\"https://accounts.google.com/*\" />",
                            "count": 1
                        },
                        {
                            "xml": "<feature name=\"Device\"><param name=\"android-package\" value=\"org.apache.cordova.device.Device\" /></feature>",
                            "count": 1
                        },
                        {
                            "xml": "<feature name=\"SplashScreen\"><param name=\"android-package\" value=\"org.apache.cordova.splashscreen.SplashScreen\" /><param name=\"onload\" value=\"true\" /></feature>",
                            "count": 1
                        },
                        {
                            "xml": "<feature name=\"Whitelist\"><param name=\"android-package\" value=\"org.apache.cordova.whitelist.WhitelistPlugin\" /><param name=\"onload\" value=\"true\" /></feature>",
                            "count": 1
                        },
                        {
                            "xml": "<feature name=\"InAppBrowser\"><param name=\"android-package\" value=\"org.apache.cordova.inappbrowser.InAppBrowser\" /></feature>",
                            "count": 1
                        }
                    ]
                }
            },
            "AndroidManifest.xml": {
                "parents": {
                    "/manifest": [
                        {
                            "xml": "<uses-permission android:name=\"android.permission.GET_ACCOUNTS\" />",
                            "count": 1
                        },
                        {
                            "xml": "<uses-permission android:name=\"android.permission.USE_CREDENTIALS\" />",
                            "count": 1
                        }
                    ]
                }
            },
            "config.xml": {
                "parents": {
                    "/*": [
                        {
                            "xml": "<feature name=\"Keyboard\"><param name=\"android-package\" onload=\"true\" value=\"io.ionic.keyboard.IonicKeyboard\" /></feature>",
                            "count": 1
                        }
                    ]
                }
            }
        }
    },
    "installed_plugins": {
        "cordova-plugin-googleplus": {
            "PACKAGE_NAME": "com.ionic.soaringsafe"
        },
        "cordova-plugin-device": {
            "PACKAGE_NAME": "com.ionic.soaringsafe"
        },
        "cordova-plugin-ionic-keyboard": {
            "PACKAGE_NAME": "com.ionic.soaringsafe"
        },
        "cordova-plugin-ionic-webview": {
            "PACKAGE_NAME": "com.ionic.soaringsafe"
        },
        "cordova-plugin-splashscreen": {
            "PACKAGE_NAME": "com.ionic.soaringsafe"
        },
        "cordova-plugin-whitelist": {
            "PACKAGE_NAME": "com.ionic.soaringsafe"
        },
        "cordova-plugin-inappbrowser": {
            "PACKAGE_NAME": "com.ionic.soaringsafe"
        }
    },
    "dependent_plugins": {},
    "modules": [
        {
            "id": "cordova-plugin-googleplus.GooglePlus",
            "file": "plugins/cordova-plugin-googleplus/www/GooglePlus.js",
            "pluginId": "cordova-plugin-googleplus",
            "clobbers": [
                "window.plugins.googleplus"
            ]
        },
        {
            "id": "cordova-plugin-device.device",
            "file": "plugins/cordova-plugin-device/www/device.js",
            "pluginId": "cordova-plugin-device",
            "clobbers": [
                "device"
            ]
        },
        {
            "id": "cordova-plugin-ionic-keyboard.keyboard",
            "file": "plugins/cordova-plugin-ionic-keyboard/www/android/keyboard.js",
            "pluginId": "cordova-plugin-ionic-keyboard",
            "clobbers": [
                "window.Keyboard"
            ]
        },
        {
            "id": "cordova-plugin-splashscreen.SplashScreen",
            "file": "plugins/cordova-plugin-splashscreen/www/splashscreen.js",
            "pluginId": "cordova-plugin-splashscreen",
            "clobbers": [
                "navigator.splashscreen"
            ]
        },
        {
            "id": "cordova-plugin-inappbrowser.inappbrowser",
            "file": "plugins/cordova-plugin-inappbrowser/www/inappbrowser.js",
            "pluginId": "cordova-plugin-inappbrowser",
            "clobbers": [
                "cordova.InAppBrowser.open",
                "window.open"
            ]
        }
    ],
    "plugin_metadata": {
        "cordova-plugin-googleplus": "5.2.1",
        "cordova-plugin-device": "2.0.1",
        "cordova-plugin-ionic-keyboard": "2.0.5",
        "cordova-plugin-ionic-webview": "1.1.16",
        "cordova-plugin-splashscreen": "5.0.2",
        "cordova-plugin-whitelist": "1.3.3",
        "cordova-plugin-inappbrowser": "2.0.2"
    }
}